,precision,recall,f1-score,support
Healthy,0.8627450980392157,0.8461538461538461,0.8543689320388349,52.0
Depressed,0.8769230769230769,0.890625,0.8837209302325582,64.0
accuracy,0.8706896551724138,0.8706896551724138,0.8706896551724138,0.8706896551724138
macro avg,0.8698340874811463,0.8683894230769231,0.8690449311356965,116.0
weighted avg,0.8705674312165186,0.8706896551724138,0.8705631379388201,116.0
