,precision,recall,f1-score,support
Healthy,0.8444444444444444,0.7307692307692307,0.7835051546391752,52.0
Depressed,0.8028169014084507,0.890625,0.8444444444444444,64.0
accuracy,0.8189655172413793,0.8189655172413793,0.8189655172413793,0.8189655172413793
macro avg,0.8236306729264475,0.8106971153846154,0.8139747995418098,116.0
weighted avg,0.8214775241487238,0.8189655172413793,0.817126831773117,116.0
