,precision,recall,f1-score,support
Healthy,0.72,0.6666666666666666,0.6923076923076923,54.0
Depressed,0.7096774193548387,0.7586206896551724,0.7333333333333333,58.0
accuracy,0.7142857142857143,0.7142857142857143,0.7142857142857143,0.7142857142857143
macro avg,0.7148387096774194,0.7126436781609196,0.7128205128205127,112.0
weighted avg,0.7146543778801843,0.7142857142857143,0.7135531135531136,112.0
