,precision,recall,f1-score,support
Healthy,0.7346938775510204,0.6666666666666666,0.6990291262135923,54.0
Depressed,0.7142857142857143,0.7758620689655172,0.743801652892562,58.0
accuracy,0.7232142857142857,0.7232142857142857,0.7232142857142857,0.7232142857142857
macro avg,0.7244897959183674,0.7212643678160919,0.721415389553077,112.0
weighted avg,0.7241253644314869,0.7232142857142857,0.7222148989580587,112.0
