task,svm_accuracy,svm_f1,rf_accuracy,rf_f1
reading,0.7146245059288538,0.7308227424749163,0.7225296442687748,0.7441694537346711
interview,0.819927536231884,0.8457093455714144,0.8702898550724637,0.8847578347578346
